DateTime,T,P,U,Ff,Td
2017-05-18 00:00:00+00:00,22.25,762.1625,41.145833333333336,2.75,7.833333333333333
2017-05-19 00:00:00+00:00,21.1875,761.1437500000001,48.395833333333336,4.3125,9.416666666666666
2017-05-20 00:00:00+00:00,17.375,761.3000000000002,74.4375,3.0208333333333335,12.625
2017-05-21 00:00:00+00:00,18.5625,761.94375,58.708333333333336,4.479166666666667,9.5625
2017-05-22 00:00:00+00:00,20.125,763.1062499999998,52.979166666666664,2.4166666666666665,9.5625
2017-05-23 00:00:00+00:00,20.1875,763.1874999999997,58.0625,2.2291666666666665,11.083333333333334
2017-05-24 00:00:00+00:00,20.583333333333332,763.0937499999999,55.666666666666664,2.375,10.708333333333334
2017-05-25 00:00:00+00:00,19.645833333333332,761.1708333333335,65.4375,2.3125,12.520833333333334
2017-05-26 00:00:00+00:00,19.958333333333332,761.8541666666669,54.166666666666664,2.9166666666666665,9.291666666666666
2017-05-27 00:00:00+00:00,20.583333333333332,763.4083333333332,50.708333333333336,2.4791666666666665,9.125
2017-05-28 00:00:00+00:00,21.708333333333332,764.5354166666666,44.333333333333336,2.875,7.9375
2017-05-29 00:00:00+00:00,21.770833333333332,763.3937499999998,43.395833333333336,2.5,8.020833333333334
2017-05-30 00:00:00+00:00,21.5625,763.4625,42.6875,2.1666666666666665,7.895833333333333
2017-05-31 00:00:00+00:00,21.6875,765.5499999999997,47.5,2.7291666666666665,9.375
2017-06-01 00:00:00+00:00,22.041666666666668,765.5666666666666,45.0625,2.4583333333333335,8.729166666666666
2017-06-02 00:00:00+00:00,21.791666666666668,764.1020833333331,45.583333333333336,2.4166666666666665,8.645833333333334
2017-06-03 00:00:00+00:00,21.895833333333332,762.0375,55.979166666666664,2.6666666666666665,11.645833333333334
2017-06-04 00:00:00+00:00,22.375,760.7791666666668,59.479166666666664,2.25,13.4375
2017-06-05 00:00:00+00:00,22.90909090909091,759.1500000000001,59.63636363636363,2.659090909090909,14.272727272727273
2017-06-06 00:00:00+00:00,23.3125,758.4083333333334,66.0625,3.0208333333333335,16.104166666666668
2017-06-07 00:00:00+00:00,22.479166666666668,760.1895833333336,65.6875,3.6875,15.166666666666666
2017-06-08 00:00:00+00:00,22.229166666666668,762.4145833333331,56.6875,2.4375,12.4375
2017-06-09 00:00:00+00:00,22.520833333333332,761.9333333333334,57.9375,2.4583333333333335,13.583333333333334
2017-06-10 00:00:00+00:00,22.958333333333332,762.4145833333331,52.25,2.375,11.875
2017-06-11 00:00:00+00:00,24.604166666666668,761.9333333333335,47.25,2.625,11.8125
2017-06-12 00:00:00+00:00,24.479166666666668,762.3333333333331,39.875,2.6875,9.25
2017-06-13 00:00:00+00:00,24.479166666666668,761.8000000000002,49.9375,2.1666666666666665,12.791666666666666
2017-06-14 00:00:00+00:00,24.833333333333332,761.6166666666668,52.041666666666664,2.2291666666666665,13.770833333333334
2017-06-15 00:00:00+00:00,25.229166666666668,761.7166666666668,47.916666666666664,2.2083333333333335,12.5
2017-06-16 00:00:00+00:00,25.666666666666668,761.225,61.395833333333336,2.375,17.354166666666668
2017-06-17 00:00:00+00:00,25.9375,759.5333333333334,65.0,2.625,18.395833333333332
2017-06-18 00:00:00+00:00,24.541666666666668,762.0791666666665,50.916666666666664,3.5416666666666665,12.666666666666666
2017-06-19 00:00:00+00:00,24.020833333333332,764.7166666666664,46.479166666666664,2.5833333333333335,11.3125
2017-06-20 00:00:00+00:00,24.604166666666668,764.6770833333331,47.1875,2.6666666666666665,12.145833333333334
2017-06-21 00:00:00+00:00,24.9375,763.0541666666664,53.0625,2.7083333333333335,13.916666666666666
2017-06-22 00:00:00+00:00,25.625,763.5270833333333,51.4375,2.7916666666666665,14.020833333333334
2017-06-23 00:00:00+00:00,25.5,764.1541666666666,54.666666666666664,2.3958333333333335,14.895833333333334
2017-06-24 00:00:00+00:00,25.354166666666668,763.083333333333,64.22916666666667,2.3958333333333335,17.791666666666668
2017-06-25 00:00:00+00:00,26.208333333333332,761.3520833333336,59.625,2.6666666666666665,17.166666666666668
2017-06-26 00:00:00+00:00,26.75,759.7729166666668,59.333333333333336,2.5,17.75
2017-06-27 00:00:00+00:00,27.895833333333332,757.5020833333333,54.75,4.854166666666667,17.208333333333332
2017-06-28 00:00:00+00:00,26.291666666666668,755.1395833333335,66.08333333333333,4.979166666666667,19.208333333333332
2017-06-29 00:00:00+00:00,25.583333333333332,756.3270833333335,60.0,4.020833333333333,16.8125
2017-06-30 00:00:00+00:00,25.270833333333332,758.7291666666666,62.666666666666664,4.583333333333333,17.375
2017-07-01 00:00:00+00:00,21.666666666666668,760.4937500000002,60.979166666666664,3.3541666666666665,12.895833333333334
2017-07-02 00:00:00+00:00,22.333333333333332,760.0937500000003,51.208333333333336,3.7083333333333335,11.0625
2017-07-03 00:00:00+00:00,24.479166666666668,762.3437499999999,48.375,3.2083333333333335,11.958333333333334
2017-07-04 00:00:00+00:00,25.916666666666668,764.2604166666665,47.1875,2.5625,13.3125
2017-07-05 00:00:00+00:00,26.772727272727273,764.0113636363635,41.29545454545455,3.0454545454545454,11.5
2017-07-06 00:00:00+00:00,27.104166666666668,764.3291666666665,38.958333333333336,3.1458333333333335,10.75
2017-07-07 00:00:00+00:00,27.9375,763.9062499999999,34.25,2.4166666666666665,9.791666666666666
2017-07-08 00:00:00+00:00,27.770833333333332,762.3979166666668,36.770833333333336,2.375,10.8125
2017-07-09 00:00:00+00:00,27.645833333333332,761.3541666666666,34.458333333333336,2.4166666666666665,9.8125
2017-07-10 00:00:00+00:00,28.083333333333332,760.5854166666667,39.604166666666664,4.375,11.979166666666666
2017-07-11 00:00:00+00:00,27.229166666666668,761.9666666666668,51.875,3.0208333333333335,15.6875
2017-07-12 00:00:00+00:00,26.9375,761.0250000000001,54.625,2.3958333333333335,16.4375
2017-07-13 00:00:00+00:00,27.458333333333332,759.0229166666669,65.22916666666667,2.4791666666666665,19.270833333333332
2017-07-14 00:00:00+00:00,26.791666666666668,757.6145833333334,64.70833333333333,2.3958333333333335,19.041666666666668
2017-07-15 00:00:00+00:00,27.166666666666668,758.0625000000001,59.458333333333336,2.9375,18.125
2017-07-16 00:00:00+00:00,26.0,760.7083333333334,38.5,3.75,10.083333333333334
2017-07-17 00:00:00+00:00,24.458333333333332,762.8624999999998,37.9375,4.041666666666667,8.270833333333334
2017-07-18 00:00:00+00:00,25.208333333333332,763.8833333333332,45.166666666666664,2.3541666666666665,11.6875
2017-07-19 00:00:00+00:00,25.166666666666668,763.6854166666666,49.541666666666664,2.3333333333333335,12.75
2017-07-20 00:00:00+00:00,25.1875,761.2395833333335,46.875,2.2708333333333335,12.083333333333334
2017-07-21 00:00:00+00:00,26.729166666666668,760.3083333333334,38.291666666666664,3.1666666666666665,10.270833333333334
2017-07-22 00:00:00+00:00,28.666666666666668,760.9875000000003,42.375,4.208333333333333,13.666666666666666
2017-07-23 00:00:00+00:00,27.6875,761.7583333333336,59.958333333333336,2.6458333333333335,18.75
2017-07-24 00:00:00+00:00,25.791666666666668,757.2187500000001,60.166666666666664,3.75,17.270833333333332
2017-07-25 00:00:00+00:00,24.666666666666668,753.8645833333335,60.291666666666664,3.2083333333333335,15.958333333333334
2017-07-26 00:00:00+00:00,23.208333333333332,754.9208333333335,57.0625,2.5208333333333335,13.833333333333334
2017-07-27 00:00:00+00:00,24.291666666666668,758.0583333333337,54.520833333333336,2.7291666666666665,13.916666666666666
2017-07-28 00:00:00+00:00,24.375,760.9708333333338,65.6875,3.0,17.291666666666668
2017-07-29 00:00:00+00:00,25.875,762.93125,57.958333333333336,2.6041666666666665,16.583333333333332
2017-07-30 00:00:00+00:00,27.166666666666668,762.5749999999999,47.3125,2.3958333333333335,14.375
2017-07-31 00:00:00+00:00,28.625,762.3999999999997,43.1875,2.1666666666666665,14.145833333333334
2017-08-01 00:00:00+00:00,30.354166666666668,763.1291666666665,37.583333333333336,2.2291666666666665,13.25
2017-08-02 00:00:00+00:00,30.729166666666668,763.4770833333331,32.145833333333336,2.2291666666666665,11.166666666666666
2017-08-03 00:00:00+00:00,31.479166666666668,762.0833333333335,34.916666666666664,2.4375,13.875
2017-08-04 00:00:00+00:00,30.8125,760.4125000000003,38.833333333333336,2.1458333333333335,14.75
2017-08-05 00:00:00+00:00,30.666666666666668,759.4666666666668,32.208333333333336,2.6458333333333335,11.375
2017-08-06 00:00:00+00:00,29.020833333333332,759.1020833333333,49.375,2.25,16.645833333333332
2017-08-07 00:00:00+00:00,30.291666666666668,759.6687500000004,51.916666666666664,2.6875,17.520833333333332
2017-08-08 00:00:00+00:00,29.479166666666668,760.3645833333335,45.645833333333336,2.8541666666666665,16.104166666666668
2017-08-09 00:00:00+00:00,30.916666666666668,760.3833333333333,38.791666666666664,3.625,14.291666666666666
2017-08-10 00:00:00+00:00,29.73913043478261,760.0326086956524,46.21739130434783,3.5434782608695654,16.065217391304348
2017-08-11 00:00:00+00:00,24.291666666666668,761.2166666666668,58.75,3.4583333333333335,15.458333333333334
2017-08-12 00:00:00+00:00,22.583333333333332,760.8000000000001,53.166666666666664,3.9166666666666665,12.104166666666666
2017-08-13 00:00:00+00:00,24.043478260869566,762.1217391304349,45.82608695652174,3.5217391304347827,10.782608695652174
2017-08-14 00:00:00+00:00,24.708333333333332,763.7020833333331,50.458333333333336,2.1458333333333335,13.208333333333334
2017-08-15 00:00:00+00:00,26.458333333333332,764.1916666666666,41.770833333333336,2.4166666666666665,11.854166666666666
2017-08-16 00:00:00+00:00,27.208333333333332,762.6458333333334,35.416666666666664,2.875,9.875
2017-08-17 00:00:00+00:00,27.958333333333332,761.6000000000003,35.333333333333336,2.5833333333333335,10.75
2017-08-18 00:00:00+00:00,27.645833333333332,762.0500000000001,46.25,2.4583333333333335,14.270833333333334
2017-08-19 00:00:00+00:00,26.395833333333332,761.3270833333336,52.166666666666664,2.6458333333333335,15.166666666666666
2017-08-20 00:00:00+00:00,26.0,760.1312500000003,61.125,2.9375,17.6875
2017-08-21 00:00:00+00:00,25.666666666666668,760.4916666666668,39.625,3.3125,10.166666666666666
2017-08-22 00:00:00+00:00,23.666666666666668,762.0145833333335,41.520833333333336,3.3333333333333335,9.395833333333334
2017-08-23 00:00:00+00:00,23.979166666666668,762.6812499999997,45.208333333333336,2.1875,10.8125
2017-08-24 00:00:00+00:00,24.854166666666668,764.4416666666665,51.458333333333336,2.25,13.395833333333334
2017-08-25 00:00:00+00:00,25.125,764.9874999999998,45.416666666666664,2.2291666666666665,11.854166666666666
2017-08-26 00:00:00+00:00,25.958333333333332,763.5187499999997,40.145833333333336,2.4791666666666665,10.958333333333334
2017-08-27 00:00:00+00:00,27.020833333333332,761.7958333333335,42.104166666666664,2.5,12.25
2017-08-28 00:00:00+00:00,28.522727272727273,760.2954545454547,38.22727272727273,2.5454545454545454,11.886363636363637
2017-08-29 00:00:00+00:00,28.041666666666668,759.7500000000001,41.208333333333336,2.5208333333333335,13.4375
2017-08-30 00:00:00+00:00,26.479166666666668,761.4187500000002,49.291666666666664,2.4583333333333335,14.3125
2017-08-31 00:00:00+00:00,25.6875,762.6562499999999,61.9375,2.3333333333333335,17.520833333333332
2017-09-01 00:00:00+00:00,24.804347826086957,761.2913043478263,74.32608695652173,3.239130434782609,19.717391304347824
2017-09-02 00:00:00+00:00,22.565217391304348,758.7021739130439,70.54347826086956,4.0,16.652173913043477
2017-09-03 00:00:00+00:00,18.875,758.63125,60.375,2.875,10.583333333333334
2017-09-04 00:00:00+00:00,20.395833333333332,762.3333333333331,57.291666666666664,2.625,11.25
2017-09-05 00:00:00+00:00,21.956521739130434,764.828260869565,59.56521739130435,2.739130434782609,13.065217391304348
2017-09-06 00:00:00+00:00,22.354166666666668,763.9187499999998,69.375,2.4583333333333335,16.0625
2017-09-07 00:00:00+00:00,22.875,759.972916666667,66.39583333333333,3.1041666666666665,16.145833333333332
2017-09-08 00:00:00+00:00,21.458333333333332,758.8708333333335,63.5,2.6041666666666665,13.875
2017-09-09 00:00:00+00:00,21.145833333333332,756.9166666666669,66.20833333333333,3.5833333333333335,14.229166666666666
2017-09-10 00:00:00+00:00,20.916666666666668,752.4479166666666,77.91666666666667,5.645833333333333,16.729166666666668
2017-09-11 00:00:00+00:00,19.520833333333332,750.4854166666668,74.39583333333333,3.8125,14.770833333333334
2017-09-12 00:00:00+00:00,20.083333333333332,757.88125,70.72916666666667,3.6458333333333335,14.3125
2017-09-13 00:00:00+00:00,19.916666666666668,764.1312499999999,68.20833333333333,2.1458333333333335,13.5
2017-09-14 00:00:00+00:00,20.3125,763.225,72.75,2.9791666666666665,15.104166666666666
2017-09-15 00:00:00+00:00,21.770833333333332,760.1041666666666,73.70833333333333,3.4791666666666665,16.625
2017-09-16 00:00:00+00:00,23.083333333333332,758.1645833333337,73.08333333333333,5.145833333333333,17.875
2017-09-17 00:00:00+00:00,19.645833333333332,761.1208333333333,72.79166666666667,2.3958333333333335,14.25
2017-09-18 00:00:00+00:00,18.416666666666668,762.1354166666669,70.6875,2.7291666666666665,12.541666666666666
2017-09-19 00:00:00+00:00,18.104166666666668,758.5895833333334,69.08333333333333,3.2916666666666665,11.958333333333334
2017-09-20 00:00:00+00:00,15.416666666666666,760.1375000000002,60.5,4.979166666666667,7.333333333333333
2017-09-21 00:00:00+00:00,16.25,764.5437499999999,57.333333333333336,2.4583333333333335,7.3125
2017-09-22 00:00:00+00:00,17.291666666666668,766.0625,65.0,2.3125,9.791666666666666
2017-09-23 00:00:00+00:00,17.25,766.1999999999999,61.25,2.1666666666666665,9.270833333333334
2017-09-24 00:00:00+00:00,17.229166666666668,763.5875,69.79166666666667,1.8125,11.166666666666666
2017-09-25 00:00:00+00:00,17.583333333333332,762.4583333333331,67.875,3.5625,10.979166666666666
2017-09-26 00:00:00+00:00,17.333333333333332,763.2666666666665,71.39583333333333,2.1875,11.791666666666666
2017-09-27 00:00:00+00:00,18.458333333333332,764.9354166666667,70.1875,2.625,12.5625
2017-09-28 00:00:00+00:00,18.541666666666668,766.5187499999998,68.64583333333333,2.2916666666666665,12.270833333333334
2017-09-29 00:00:00+00:00,17.833333333333332,765.2729166666664,72.9375,2.625,12.666666666666666
2017-09-30 00:00:00+00:00,17.458333333333332,763.7229166666665,72.9375,2.2083333333333335,12.291666666666666
2017-10-01 00:00:00+00:00,17.9375,764.4208333333332,73.10416666666667,2.0833333333333335,12.895833333333334
2017-10-02 00:00:00+00:00,18.375,766.1541666666667,76.35416666666667,2.1458333333333335,13.916666666666666
2017-10-03 00:00:00+00:00,19.0625,765.9499999999998,71.08333333333333,2.375,13.333333333333334
2017-10-04 00:00:00+00:00,19.458333333333332,767.0916666666667,70.25,2.3333333333333335,13.354166666666666
2017-10-05 00:00:00+00:00,19.020833333333332,764.6166666666664,69.14583333333333,1.9791666666666667,12.729166666666666
2017-10-06 00:00:00+00:00,18.729166666666668,756.93125,73.875,2.7291666666666665,13.6875
2017-10-07 00:00:00+00:00,15.979166666666666,761.7833333333333,40.104166666666664,5.5,1.9166666666666667
2017-10-08 00:00:00+00:00,15.166666666666666,763.5666666666665,55.625,2.0625,6.104166666666667
2017-10-09 00:00:00+00:00,17.75,762.4770833333332,62.729166666666664,2.5,10.416666666666666
2017-10-10 00:00:00+00:00,17.125,763.8354166666667,75.0,1.8958333333333333,12.416666666666666
2017-10-11 00:00:00+00:00,17.0625,766.7583333333332,75.89583333333333,2.0416666666666665,12.375
2017-10-12 00:00:00+00:00,16.875,768.8229166666665,73.16666666666667,2.1875,11.5625
2017-10-13 00:00:00+00:00,16.875,769.3187499999998,74.5625,1.8541666666666667,11.791666666666666
2017-10-14 00:00:00+00:00,17.041666666666668,769.9958333333335,72.89583333333333,1.9583333333333333,11.604166666666666
2017-10-15 00:00:00+00:00,17.604166666666668,770.5895833333334,63.520833333333336,2.1041666666666665,10.0625
2017-10-16 00:00:00+00:00,17.770833333333332,770.2541666666667,68.125,1.9375,11.5
2017-10-17 00:00:00+00:00,17.0,768.4854166666664,74.91666666666667,1.7708333333333333,12.291666666666666
2017-10-18 00:00:00+00:00,16.6875,765.2895833333331,79.9375,1.875,12.895833333333334
2017-10-19 00:00:00+00:00,15.604166666666666,763.6687499999998,82.1875,2.125,12.229166666666666
2017-10-20 00:00:00+00:00,16.5625,764.3166666666665,76.0625,1.8541666666666667,11.916666666666666
2017-10-21 00:00:00+00:00,16.416666666666668,765.6833333333333,72.0,2.2708333333333335,10.875
2017-10-22 00:00:00+00:00,18.145833333333332,761.9208333333335,79.58333333333333,3.2083333333333335,14.416666666666666
2017-10-23 00:00:00+00:00,13.958333333333334,758.6479166666667,56.770833333333336,5.145833333333333,4.854166666666667
2017-10-24 00:00:00+00:00,14.270833333333334,761.5791666666665,44.395833333333336,5.3125,1.25
2017-10-25 00:00:00+00:00,15.145833333333334,765.4645833333329,46.875,2.875,3.4166666666666665
2017-10-26 00:00:00+00:00,14.916666666666666,769.3270833333332,65.47916666666667,1.9166666666666667,8.208333333333334
2017-10-27 00:00:00+00:00,15.395833333333334,764.11875,79.14583333333333,2.3958333333333335,11.666666666666666
2017-10-28 00:00:00+00:00,15.020833333333334,762.2249999999999,50.541666666666664,3.0208333333333335,3.8333333333333335
2017-10-29 00:00:00+00:00,13.666666666666666,758.7947916666667,69.60416666666667,2.125,8.0625
2017-10-30 00:00:00+00:00,15.291666666666666,759.1729166666668,72.75,2.6041666666666665,10.145833333333334
2017-10-31 00:00:00+00:00,15.76086956521739,764.8956521739129,59.41304347826087,2.630434782608696,7.586956521739131
2017-11-01 00:00:00+00:00,12.520833333333334,767.1958333333332,70.625,2.0833333333333335,6.8125
2017-11-02 00:00:00+00:00,13.270833333333334,766.3729166666666,70.66666666666667,1.75,7.729166666666667
2017-11-03 00:00:00+00:00,15.5625,763.0916666666666,84.5625,2.5,12.895833333333334
2017-11-04 00:00:00+00:00,14.717391304347826,763.4717391304347,80.97826086956522,1.5217391304347827,11.282608695652174
2017-11-05 00:00:00+00:00,15.270833333333334,759.4854166666665,76.54166666666667,4.354166666666667,10.958333333333334
2017-11-06 00:00:00+00:00,12.583333333333334,756.0604166666668,73.85416666666667,2.6666666666666665,7.75
2017-11-07 00:00:00+00:00,11.125,756.7416666666667,68.95833333333333,4.0625,5.458333333333333
2017-11-08 00:00:00+00:00,10.6875,761.2041666666668,74.91666666666667,2.125,6.145833333333333
2017-11-09 00:00:00+00:00,12.6875,763.8791666666666,78.0,2.2083333333333335,8.75
2017-11-10 00:00:00+00:00,13.208333333333334,762.0583333333335,74.79166666666667,2.6875,8.645833333333334
2017-11-11 00:00:00+00:00,12.75,760.2916666666669,75.9375,2.5,8.291666666666666
2017-11-12 00:00:00+00:00,12.791666666666666,756.9291666666667,82.91666666666667,3.5208333333333335,9.833333333333334
2017-11-13 00:00:00+00:00,11.6875,748.4395833333333,69.14583333333333,3.875,6.041666666666667
2017-11-14 00:00:00+00:00,8.717391304347826,754.2282608695654,74.21739130434783,3.0217391304347827,4.326086956521739
2017-11-15 00:00:00+00:00,10.145833333333334,758.2083333333335,81.39583333333333,3.0416666666666665,7.020833333333333
2017-11-16 00:00:00+00:00,10.104166666666666,759.7416666666668,78.39583333333333,3.375,6.375
2017-11-17 00:00:00+00:00,11.145833333333334,760.0500000000002,73.95833333333333,2.6458333333333335,6.395833333333333
2017-11-18 00:00:00+00:00,9.934782608695652,760.2,75.73913043478261,2.630434782608696,5.6521739130434785
2017-11-19 00:00:00+00:00,8.354166666666666,760.4187500000003,77.0625,2.625,4.395833333333333
2017-11-20 00:00:00+00:00,8.604166666666666,764.3812499999999,75.58333333333333,2.2708333333333335,4.1875
2017-11-21 00:00:00+00:00,11.604166666666666,765.1270833333332,67.47916666666667,2.1875,5.604166666666667
2017-11-22 00:00:00+00:00,12.791666666666666,765.4499999999999,78.875,2.0625,8.958333333333334
2017-11-23 00:00:00+00:00,12.863636363636363,765.9090909090909,74.93181818181819,2.4318181818181817,8.340909090909092
2017-11-24 00:00:00+00:00,12.979166666666666,766.3916666666668,82.375,1.8333333333333333,9.895833333333334
2017-11-25 00:00:00+00:00,14.8125,763.0479166666668,82.91666666666667,4.895833333333333,11.875
2017-11-26 00:00:00+00:00,11.895833333333334,759.6166666666668,71.625,4.166666666666667,6.708333333333333
2017-11-27 00:00:00+00:00,6.666666666666667,764.7708333333331,57.5,4.125,-1.7916666666666667
2017-11-28 00:00:00+00:00,6.391304347826087,763.4108695652175,56.26086956521739,2.4347826086956523,-2.130434782608696
2017-11-29 00:00:00+00:00,11.770833333333334,754.7145833333333,85.27083333333333,5.020833333333333,9.270833333333334
2017-11-30 00:00:00+00:00,9.895833333333334,752.9750000000003,74.6875,3.0416666666666665,5.166666666666667
2017-12-01 00:00:00+00:00,7.729166666666667,756.1083333333335,68.75,2.75,2.0
2017-12-02 00:00:00+00:00,8.5625,755.7895833333333,61.375,3.2083333333333335,1.3125
2017-12-03 00:00:00+00:00,7.020833333333333,761.4,86.375,2.625,4.875
2017-12-04 00:00:00+00:00,6.354166666666667,768.0416666666666,76.02083333333333,2.8333333333333335,2.1875
2017-12-05 00:00:00+00:00,5.0625,773.8312500000001,70.39583333333333,2.3541666666666665,-0.20833333333333334
2017-12-06 00:00:00+00:00,5.8125,775.81875,69.91666666666667,2.125,0.4166666666666667
2017-12-07 00:00:00+00:00,9.1875,773.7416666666667,73.41666666666667,1.8958333333333333,4.458333333333333
2017-12-08 00:00:00+00:00,11.854166666666666,766.2708333333331,72.8125,4.145833333333333,6.958333333333333
2017-12-09 00:00:00+00:00,8.0,758.4437500000003,64.125,3.7708333333333335,1.3333333333333333
2017-12-10 00:00:00+00:00,5.4375,761.8520833333333,66.6875,5.0625,-0.8958333333333334
2017-12-11 00:00:00+00:00,14.1875,756.2479166666667,79.89583333333333,8.5,10.729166666666666
2017-12-12 00:00:00+00:00,14.979166666666666,759.4229166666668,81.22916666666667,6.916666666666667,11.75
2017-12-13 00:00:00+00:00,10.854166666666666,763.4854166666668,82.1875,2.625,7.75
2017-12-14 00:00:00+00:00,11.854166666666666,761.3750000000001,77.625,4.0,8.0
2017-12-15 00:00:00+00:00,13.166666666666666,753.3250000000002,90.39583333333333,4.583333333333333,11.541666666666666
2017-12-16 00:00:00+00:00,8.958333333333334,754.2270833333336,73.52083333333333,2.8958333333333335,4.270833333333333
2017-12-17 00:00:00+00:00,5.020833333333333,760.5729166666666,72.97916666666667,3.6458333333333335,0.22916666666666666
2017-12-18 00:00:00+00:00,3.9166666666666665,766.2145833333333,57.875,2.8958333333333335,-4.125
2017-12-19 00:00:00+00:00,2.7916666666666665,770.6895833333336,61.395833333333336,2.4166666666666665,-4.208333333333333
2017-12-20 00:00:00+00:00,2.5,771.2020833333335,66.22916666666667,2.4791666666666665,-3.3333333333333335
2017-12-21 00:00:00+00:00,3.7083333333333335,771.3895833333332,57.458333333333336,3.2083333333333335,-4.333333333333333
2017-12-22 00:00:00+00:00,6.625,768.3125,53.395833333333336,3.3333333333333335,-2.5833333333333335
2017-12-23 00:00:00+00:00,8.791666666666666,770.7604166666666,49.291666666666664,3.1666666666666665,-1.5416666666666667
2017-12-24 00:00:00+00:00,7.520833333333333,772.1833333333334,61.020833333333336,2.1041666666666665,0.0
2017-12-25 00:00:00+00:00,6.770833333333333,770.8354166666668,80.25,1.6666666666666667,3.4583333333333335
2017-12-26 00:00:00+00:00,10.125,764.3520833333332,76.47916666666667,3.7916666666666665,5.9375
2017-12-27 00:00:00+00:00,11.145833333333334,750.5208333333334,86.45833333333333,5.9375,8.875
2017-12-28 00:00:00+00:00,6.979166666666667,745.4895833333334,77.14583333333333,3.4375,3.1041666666666665
2017-12-29 00:00:00+00:00,4.375,756.4291666666667,82.5,3.2708333333333335,1.4791666666666667
2017-12-30 00:00:00+00:00,7.083333333333333,762.4062499999999,71.75,1.7083333333333333,2.1875
2017-12-31 00:00:00+00:00,9.6875,765.3333333333334,83.47916666666667,2.6666666666666665,6.958333333333333
2018-01-01 00:00:00+00:00,11.375,760.8249999999999,82.08333333333333,4.104166666666667,8.333333333333334
2018-01-02 00:00:00+00:00,9.583333333333334,759.03125,72.33333333333333,3.8958333333333335,4.625
2018-01-03 00:00:00+00:00,9.0,760.1,72.58695652173913,2.847826086956522,4.021739130434782
2018-01-04 00:00:00+00:00,10.625,757.5604166666668,75.79166666666667,1.9375,6.291666666666667
2018-01-05 00:00:00+00:00,11.958333333333334,757.9854166666669,80.75,2.3958333333333335,8.604166666666666
2018-01-06 00:00:00+00:00,12.782608695652174,759.4934782608697,76.17391304347827,3.282608695652174,8.478260869565217
2018-01-07 00:00:00+00:00,16.625,761.7937499999998,42.729166666666664,5.916666666666667,3.7291666666666665
2018-01-08 00:00:00+00:00,17.833333333333332,763.5249999999996,47.520833333333336,10.083333333333334,6.354166666666667
2018-01-09 00:00:00+00:00,13.416666666666666,765.1312499999999,80.70833333333333,5.583333333333333,10.083333333333334
2018-01-10 00:00:00+00:00,9.020833333333334,762.2208333333334,80.5625,2.75,5.604166666666667
2018-01-11 00:00:00+00:00,9.854166666666666,757.4062500000003,78.9375,4.083333333333333,6.270833333333333
2018-01-12 00:00:00+00:00,9.354166666666666,759.1437500000002,76.35416666666667,2.9791666666666665,5.270833333333333
2018-01-13 00:00:00+00:00,7.666666666666667,762.5458333333332,72.39583333333333,2.7291666666666665,2.8541666666666665
2018-01-14 00:00:00+00:00,7.333333333333333,764.5729166666664,79.5,1.7916666666666667,3.8541666666666665
2018-01-15 00:00:00+00:00,9.291666666666666,766.1270833333332,82.10416666666667,2.0625,6.229166666666667
2018-01-16 00:00:00+00:00,11.166666666666666,761.5895833333334,86.1875,2.9583333333333335,8.875
2018-01-17 00:00:00+00:00,11.979166666666666,755.5645833333332,66.08333333333333,5.125,5.291666666666667
2018-01-18 00:00:00+00:00,8.520833333333334,763.7833333333332,59.041666666666664,3.2708333333333335,0.375
2018-01-19 00:00:00+00:00,11.5,760.1250000000001,87.75,3.75,9.458333333333334
2018-01-20 00:00:00+00:00,10.0,758.6979166666669,80.83333333333333,2.1875,6.604166666666667
2018-01-21 00:00:00+00:00,12.0,754.6958333333333,75.64583333333333,3.4583333333333335,7.5625
2018-01-22 00:00:00+00:00,8.934782608695652,760.3673913043478,71.97826086956522,2.4565217391304346,3.9782608695652173
2018-01-23 00:00:00+00:00,10.104166666666666,764.4916666666664,72.85416666666667,2.3333333333333335,5.1875
2018-01-24 00:00:00+00:00,8.666666666666666,772.1791666666668,73.10416666666667,2.0208333333333335,3.8333333333333335
2018-01-25 00:00:00+00:00,8.020833333333334,770.6166666666668,80.5625,1.7916666666666667,4.520833333333333
2018-01-26 00:00:00+00:00,10.583333333333334,767.2416666666667,74.6875,3.8541666666666665,6.083333333333333
2018-01-27 00:00:00+00:00,10.934782608695652,771.026086956522,72.21739130434783,2.0434782608695654,5.804347826086956
2018-01-28 00:00:00+00:00,9.568181818181818,774.9954545454547,75.9090909090909,1.8181818181818181,5.181818181818182
2018-01-29 00:00:00+00:00,8.431818181818182,774.2113636363636,82.36363636363636,1.8636363636363635,5.318181818181818
2018-01-30 00:00:00+00:00,7.833333333333333,771.8249999999998,81.89583333333333,2.0625,4.604166666666667
2018-01-31 00:00:00+00:00,9.520833333333334,768.2604166666669,74.33333333333333,2.75,5.020833333333333
2018-02-01 00:00:00+00:00,11.583333333333334,759.3395833333335,78.10416666666667,4.604166666666667,7.791666666666667
2018-02-02 00:00:00+00:00,13.520833333333334,753.0208333333331,82.47916666666667,6.5625,10.520833333333334
2018-02-03 00:00:00+00:00,9.916666666666666,751.2312500000002,73.29166666666667,5.145833333333333,5.166666666666667
2018-02-04 00:00:00+00:00,6.956521739130435,759.9239130434783,73.95652173913044,2.0869565217391304,2.260869565217391
2018-02-05 00:00:00+00:00,9.608695652173912,763.3347826086955,67.32608695652173,3.0869565217391304,3.5869565217391304
2018-02-06 00:00:00+00:00,10.708333333333334,756.5375,70.8125,5.395833333333333,5.5625
2018-02-07 00:00:00+00:00,8.875,753.0541666666669,82.39583333333333,2.7708333333333335,5.958333333333333
2018-02-08 00:00:00+00:00,7.645833333333333,760.4041666666668,79.27083333333333,2.25,4.166666666666667
2018-02-09 00:00:00+00:00,7.8125,760.885416666667,78.5,2.0416666666666665,4.041666666666667
2018-02-10 00:00:00+00:00,6.895833333333333,754.6916666666665,67.4375,4.145833333333333,0.8333333333333334
2018-02-11 00:00:00+00:00,5.645833333333333,756.6479166666667,60.208333333333336,3.4375,-1.8125
2018-02-12 00:00:00+00:00,8.25,756.6458333333334,74.60416666666667,4.125,3.9375
2018-02-13 00:00:00+00:00,6.916666666666667,756.7937500000002,72.3125,3.7083333333333335,1.8958333333333333
2018-02-14 00:00:00+00:00,3.2708333333333335,758.7729166666668,75.70833333333333,2.6875,-0.75
2018-02-15 00:00:00+00:00,4.604166666666667,764.6041666666665,55.229166666666664,3.6875,-4.354166666666667
2018-02-16 00:00:00+00:00,6.108695652173913,767.8739130434781,57.02173913043478,1.8043478260869565,-2.3043478260869565
2018-02-17 00:00:00+00:00,8.8125,766.3624999999998,73.58333333333333,2.375,4.25
2018-02-18 00:00:00+00:00,9.770833333333334,761.1437500000002,83.9375,3.125,7.125
2018-02-19 00:00:00+00:00,7.3125,758.1895833333338,93.89583333333333,2.4166666666666665,6.354166666666667
2018-02-20 00:00:00+00:00,6.8125,753.989583333333,78.77083333333333,2.1875,3.0625
2018-02-21 00:00:00+00:00,7.195652173913044,750.4282608695653,68.06521739130434,3.108695652173913,1.3478260869565217
2018-02-22 00:00:00+00:00,6.666666666666667,750.4249999999998,82.89583333333333,3.5416666666666665,3.9166666666666665
2018-02-23 00:00:00+00:00,8.291666666666666,749.2645833333332,89.77083333333333,3.6041666666666665,6.625
2018-02-24 00:00:00+00:00,9.25,752.4041666666668,91.58333333333333,2.5416666666666665,7.895833333333333
2018-02-25 00:00:00+00:00,6.979166666666667,753.458333333333,86.8125,3.0833333333333335,4.875
2018-02-26 00:00:00+00:00,-0.5416666666666666,750.8729166666667,81.85416666666667,5.5,-3.625
2018-02-27 00:00:00+00:00,-2.125,754.4250000000001,60.520833333333336,3.9166666666666665,-9.208333333333334
2018-02-28 00:00:00+00:00,-0.0625,759.9770833333336,63.916666666666664,3.1875,-6.625
2018-03-01 00:00:00+00:00,10.333333333333334,752.7604166666666,76.45833333333333,3.8958333333333335,6.208333333333333
2018-03-02 00:00:00+00:00,12.666666666666666,748.9499999999998,74.64583333333333,5.208333333333333,8.0625
2018-03-03 00:00:00+00:00,11.333333333333334,749.5312499999999,84.41666666666667,4.3125,8.708333333333334
2018-03-04 00:00:00+00:00,10.3125,751.8250000000002,82.625,2.3333333333333335,7.333333333333333
2018-03-05 00:00:00+00:00,8.958333333333334,746.1687500000002,96.25,3.0833333333333335,8.333333333333334
2018-03-06 00:00:00+00:00,10.25,745.7375000000001,90.25,3.3958333333333335,8.604166666666666
2018-03-07 00:00:00+00:00,10.3125,752.225,85.20833333333333,3.5416666666666665,7.791666666666667
2018-03-08 00:00:00+00:00,9.979166666666666,759.2770833333334,74.625,2.4583333333333335,5.270833333333333
2018-03-09 00:00:00+00:00,10.916666666666666,762.6333333333331,75.125,2.375,6.416666666666667
2018-03-10 00:00:00+00:00,12.130434782608695,762.1673913043479,77.71739130434783,3.5652173913043477,8.23913043478261
2018-03-11 00:00:00+00:00,15.333333333333334,756.6791666666668,76.22916666666667,5.708333333333333,10.895833333333334
2018-03-12 00:00:00+00:00,12.5625,755.3520833333336,83.83333333333333,3.5833333333333335,9.729166666666666
2018-03-13 00:00:00+00:00,12.521739130434783,757.8260869565221,76.19565217391305,2.760869565217391,8.217391304347826
2018-03-14 00:00:00+00:00,10.541666666666666,759.1104166666668,74.60416666666667,2.9583333333333335,5.791666666666667
2018-03-15 00:00:00+00:00,11.416666666666666,756.3312499999998,74.85416666666667,6.229166666666667,6.875
2018-03-16 00:00:00+00:00,14.104166666666666,753.7541666666667,75.27083333333333,2.875,9.625
2018-03-17 00:00:00+00:00,11.104166666666666,748.0333333333332,85.72916666666667,2.6041666666666665,8.708333333333334
2018-03-18 00:00:00+00:00,10.645833333333334,747.3583333333331,77.85416666666667,4.6875,6.791666666666667
2018-03-19 00:00:00+00:00,8.5,749.6666666666666,81.25,3.1666666666666665,5.395833333333333
2018-03-20 00:00:00+00:00,8.541666666666666,751.2624999999999,79.70833333333333,4.145833333333333,5.125
2018-03-21 00:00:00+00:00,8.625,754.7000000000002,72.33333333333333,4.5,3.7291666666666665
2018-03-22 00:00:00+00:00,7.208333333333333,752.8187499999999,56.75,4.979166666666667,-1.1041666666666667
2018-03-23 00:00:00+00:00,5.875,749.2999999999997,51.9375,4.729166666666667,-3.6666666666666665
2018-03-24 00:00:00+00:00,7.416666666666667,751.6666666666669,61.895833333333336,2.7708333333333335,0.4166666666666667
2018-03-25 00:00:00+00:00,10.434782608695652,751.7804347826088,48.608695652173914,3.4565217391304346,-0.5217391304347826
2018-03-26 00:00:00+00:00,9.145833333333334,755.2895833333333,66.45833333333333,2.3958333333333335,3.0625
2018-03-27 00:00:00+00:00,9.854166666666666,759.8187500000003,70.4375,2.3958333333333335,4.25
2018-03-28 00:00:00+00:00,12.41304347826087,759.6391304347826,73.71739130434783,3.9565217391304346,7.543478260869565
2018-03-29 00:00:00+00:00,14.604166666666666,758.5583333333335,72.75,5.645833333333333,9.583333333333334
2018-03-30 00:00:00+00:00,15.6875,757.5333333333334,66.58333333333333,6.5625,9.3125
2018-03-31 00:00:00+00:00,12.645833333333334,752.2374999999998,81.5,3.9375,9.416666666666666
2018-04-01 00:00:00+00:00,11.208333333333334,756.3291666666668,73.375,3.375,6.166666666666667
2018-04-02 00:00:00+00:00,11.0,762.9229166666665,69.45833333333333,3.8125,5.375
2018-04-03 00:00:00+00:00,13.229166666666666,763.6479166666664,52.1875,2.5208333333333335,2.6041666666666665
2018-04-04 00:00:00+00:00,15.083333333333334,762.90625,57.791666666666664,3.9583333333333335,6.458333333333333
2018-04-05 00:00:00+00:00,14.8125,760.916666666667,70.20833333333333,2.5208333333333335,9.125
2018-04-06 00:00:00+00:00,14.083333333333334,762.6979166666665,70.70833333333333,2.7708333333333335,8.3125
2018-04-07 00:00:00+00:00,14.770833333333334,762.7979166666668,61.791666666666664,2.125,6.916666666666667
2018-04-08 00:00:00+00:00,17.666666666666668,759.8770833333336,48.75,3.1875,6.333333333333333
2018-04-09 00:00:00+00:00,13.520833333333334,756.4937500000001,83.89583333333333,6.5625,10.604166666666666
2018-04-10 00:00:00+00:00,14.304347826086957,759.221739130435,76.82608695652173,3.6739130434782608,10.043478260869565
2018-04-11 00:00:00+00:00,15.833333333333334,755.0437500000002,68.47916666666667,3.5,9.416666666666666
2018-04-12 00:00:00+00:00,14.354166666666666,755.4270833333334,83.04166666666667,3.6666666666666665,11.416666666666666
2018-04-13 00:00:00+00:00,14.958333333333334,760.8312499999998,74.9375,3.2916666666666665,10.229166666666666
2018-04-14 00:00:00+00:00,17.541666666666668,760.6520833333335,60.0,3.2708333333333335,8.729166666666666
2018-04-15 00:00:00+00:00,18.125,755.0104166666669,55.333333333333336,3.2291666666666665,8.520833333333334
2018-04-16 00:00:00+00:00,16.67391304347826,757.5934782608698,71.58695652173913,2.5,11.347826086956522
2018-04-17 00:00:00+00:00,15.645833333333334,763.6020833333331,78.29166666666667,1.9375,11.6875
2018-04-18 00:00:00+00:00,16.75,767.1374999999997,75.41666666666667,2.5833333333333335,11.979166666666666
2018-04-19 00:00:00+00:00,18.6875,767.7291666666666,62.583333333333336,2.375,11.0
2018-04-20 00:00:00+00:00,19.083333333333332,765.1708333333331,64.95833333333333,2.3125,11.916666666666666
2018-04-21 00:00:00+00:00,18.979166666666668,763.8999999999997,62.708333333333336,2.2708333333333335,11.1875
2018-04-22 00:00:00+00:00,17.854166666666668,763.7645833333331,72.45833333333333,2.1041666666666665,12.375
2018-04-23 00:00:00+00:00,17.854166666666668,763.7999999999998,66.83333333333333,2.5208333333333335,10.979166666666666
2018-04-24 00:00:00+00:00,17.645833333333332,764.3354166666664,69.70833333333333,2.2708333333333335,11.5
2018-04-25 00:00:00+00:00,18.195652173913043,763.5565217391303,54.26086956521739,2.239130434782609,8.217391304347826
2018-04-26 00:00:00+00:00,18.104166666666668,760.5833333333335,51.6875,2.2708333333333335,7.541666666666667
2018-04-27 00:00:00+00:00,19.166666666666668,758.6958333333336,54.5,2.2083333333333335,9.354166666666666
2018-04-28 00:00:00+00:00,21.104166666666668,758.9250000000002,48.041666666666664,2.2291666666666665,8.916666666666666
2018-04-29 00:00:00+00:00,22.8125,758.3833333333336,43.3125,2.6458333333333335,9.416666666666666
2018-04-30 00:00:00+00:00,17.282608695652176,760.4695652173914,66.15217391304348,2.5434782608695654,10.608695652173912
2018-05-01 00:00:00+00:00,15.208333333333334,759.2062500000002,76.125,2.625,10.958333333333334
2018-05-02 00:00:00+00:00,18.875,751.8458333333333,65.79166666666667,3.5833333333333335,11.583333333333334
2018-05-03 00:00:00+00:00,17.770833333333332,748.4874999999997,75.0,3.0833333333333335,12.916666666666666
2018-05-04 00:00:00+00:00,16.395833333333332,754.2166666666666,82.29166666666667,3.1875,13.1875
2018-05-05 00:00:00+00:00,16.333333333333332,760.1145833333335,82.72916666666667,1.7708333333333333,13.229166666666666
2018-05-06 00:00:00+00:00,16.6875,761.4520833333336,84.89583333333333,1.9583333333333333,13.979166666666666
2018-05-07 00:00:00+00:00,17.3125,760.2125000000001,88.79166666666667,1.9583333333333333,15.3125
2018-05-08 00:00:00+00:00,17.0625,756.4958333333333,91.25,1.7291666666666667,15.541666666666666
2018-05-09 00:00:00+00:00,17.229166666666668,754.9000000000001,88.25,1.9583333333333333,15.145833333333334
2018-05-10 00:00:00+00:00,17.895833333333332,757.5166666666669,80.45833333333333,2.2291666666666665,14.229166666666666
2018-05-11 00:00:00+00:00,19.083333333333332,761.4291666666667,79.625,2.3333333333333335,15.145833333333334
2018-05-12 00:00:00+00:00,19.125,761.4770833333336,78.47916666666667,2.1666666666666665,15.104166666666666
2018-05-13 00:00:00+00:00,18.543478260869566,759.6304347826089,75.80434782608695,3.0652173913043477,13.891304347826088
2018-05-14 00:00:00+00:00,15.304347826086957,759.7760869565218,69.08695652173913,3.391304347826087,9.369565217391305
2018-05-15 00:00:00+00:00,12.547619047619047,760.1857142857144,79.64285714285714,3.1904761904761907,8.952380952380953
2018-05-16 00:00:00+00:00,15.729166666666666,761.0229166666668,75.54166666666667,2.8541666666666665,11.104166666666666
2018-05-17 00:00:00+00:00,16.8125,761.4333333333335,73.0625,2.3333333333333335,11.708333333333334
2018-05-18 00:00:00+00:00,17.791666666666668,760.6458333333334,70.0,2.2083333333333335,11.895833333333334
